,human,MAE,SAE
16,0.5,0.359375,0.421875
32,0.5,0.46875,0.359375
64,0.6875,0.453125,0.3475
128,0.59375,0.40625,0.25
256,0.5,0.453125,0.28125
