,last,mean,gaussian
16,0.484375,0.546875,0.59375
32,0.453125,0.59375,0.53125
64,0.515625,0.53125,0.578125
128,0.515625,0.375,0.46875
256,0.5,0.59375,0.453125
