,last,mean,gaussian
16,0.5,0.515625,0.546875
32,0.5,0.59375,0.40625
64,0.6875,0.640625,0.46875
128,0.59375,0.4375,0.609375
256,0.5,0.53125,0.578125
