,last,mean,gaussian
16,0.59375,0.421875,0.578125
32,0.484375,0.5,0.421875
64,0.546875,0.484375,0.40625
128,0.5625,0.421875,0.515625
256,0.515325,0.484375,0.453125
